{
    "$schema": "https://schema.management.azure.com/schemas/2015-01-01/deploymentParameters.json#",
    "contentVersion": "1.0.0.0",
    "parameters": {
        "apiVersion": {
            "value": "2025-05-01"
        },
        "resourceName": {
            "value": "test-npr"
        },
        "location": {
            "value": "australiaeast"
        },
        "dnsPrefix": {
            "value": "test-npr-dns"
        },
        "kubernetesVersion": {
            "value": "1.32.7"
        },
        "networkPlugin": {
            "value": "azure"
        },
        "enableRBAC": {
            "value": true
        },
        "nodeResourceGroup": {
            "value": "MC_rg-aks-private-learning_test-npr_australiaeast"
        },
        "clusterSku": {
            "value": {
                "name": "Base",
                "tier": "Standard"
            }
        },
        "upgradeChannel": {
            "value": "patch"
        },
        "clusterIdentity": {
            "value": {
                "type": "SystemAssigned"
            }
        },
        "adminGroupObjectIDs": {
            "value": [
                "32acc71c-3f80-474d-92a8-cade87e96bd3"
            ]
        },
        "disableLocalAccounts": {
            "value": true
        },
        "azureRbac": {
            "value": false
        },
        "enableOmsAgent": {
            "value": true
        },
        "isAvailabilityZoneEnabled": {
            "value": true
        },
        "supportPlan": {
            "value": "KubernetesOfficial"
        },
        "enableAadProfile": {
            "value": true
        },
        "nodeOSUpgradeChannel": {
            "value": "NodeImage"
        },
        "isPrivateClusterSupported": {
            "value": true
        },
        "enablePrivateCluster": {
            "value": true
        },
        "networkPluginMode": {
            "value": "overlay"
        },
        "networkDataplane": {
            "value": "cilium"
        },
        "isAzurePolicySupported": {
            "value": true
        },
        "enableAzurePolicy": {
            "value": true
        },
        "nodeAutoProvisioningMode": {
            "value": "Manual"
        },
        "isSecretStoreCSIDDriverSupported": {
            "value": true
        },
        "enableSecretStoreCSIDriver": {
            "value": true
        },
        "vmssNodePool": {
            "value": true
        },
        "vnetSubnetID": {
            "value": "/subscriptions/009882d7-c336-42a0-8f65-bfea9e52d9c1/resourceGroups/rg-aks-private-learning/providers/Microsoft.Network/virtualNetworks/nz3es-aks-vnet/subnets/nz3es-aks-subnet"
        },
        "serviceCidr": {
            "value": "10.200.0.0/16"
        },
        "dnsServiceIP": {
            "value": "10.200.0.10"
        },
        "workspaceName": {
            "value": "nz3es-aks-log-analytics"
        },
        "workspaceRegion": {
            "value": "australiaeast"
        },
        "omsWorkspaceId": {
            "value": "/subscriptions/009882d7-c336-42a0-8f65-bfea9e52d9c1/resourceGroups/rg-aks-private-learning/providers/Microsoft.OperationalInsights/workspaces/nz3es-aks-log-analytics"
        },
        "networkPolicy": {
            "value": "cilium"
        },
        "acrName": {
            "value": "nz3es"
        },
        "acrResourceGroup": {
            "value": "rg-aks-private-learning"
        },
        "isImageCleanerEnabled": {
            "value": true
        },
        "imageCleanerIntervalHours": {
            "value": 168
        },
        "enableOIDC": {
            "value": true
        },
        "issuerURL": {
            "value": ""
        },
        "enableWorkloadIdentity": {
            "value": true
        },
        "clusterTags": {
            "value": {}
        },
        "tagsForAllResources": {
            "value": {}
        }
    }
}