{
    "$schema": "https://schema.management.azure.com/schemas/2015-01-01/deploymentTemplate.json#",
    "contentVersion": "1.0.0.0",
    "variables": {
        "isScaleSetPrioritySpot": "[equals(parameters('scaleSetPriority'), 'Spot')]",
        "defaultAadProfile": {
            "managed": true,
            "adminGroupObjectIDs": "[parameters('adminGroupObjectIDs')]",
            "enableAzureRBAC": "[parameters('azureRbac')]"
        },
        "defaultApiServerAccessProfile": {
            "authorizedIPRanges": "[if(parameters('enableAuthorizedIpRange'), parameters('authorizedIPRanges'), null())]",
            "enablePrivateCluster": "[parameters('enablePrivateCluster')]"
        },
        "defaultAzurePolicy": {
            "enabled": "[parameters('enableAzurePolicy')]"
        },
        "defaultSecrectStoreProvider": {
            "enabled": "[parameters('enableSecretStoreCSIDriver')]",
            "config": "[if(parameters('enableSecretStoreCSIDriver'), variables('secrectStoreConfig'), null())]"
        },
        "secrectStoreConfig": {
            "enableSecretRotation": "false",
            "rotationPollInterval": "2m"
        },
        "servicePrincipalProfile": {
            "ClientId": "[parameters('servicePrincipalClientId')]",
            "Secret": "[parameters('servicePrincipalClientSecret')]"
        }
    },
    "parameters": {
        "apiVersion": {
            "type": "string"
        },
        "resourceName": {
            "type": "string",
            "metadata": {
                "description": "The name of the Managed Cluster resource."
            }
        },
        "location": {
            "type": "string",
            "metadata": {
                "description": "The location of AKS resource."
            }
        },
        "isLocationEdgeZone": {
            "defaultValue": false,
            "type": "bool"
        },
        "edgeZone": {
            "defaultValue": {},
            "type": "object",
            "metadata": {
                "description": "Extended location of the cluster."
            }
        },
        "useServicePrincipal": {
            "defaultValue": false,
            "type": "bool"
        },
        "clusterSku": {
            "defaultValue": {
                "name": "Base",
                "tier": "Standard"
            },
            "type": "object",
            "metadata": {
                "descirption": "The managed cluster SKU tier."
            }
        },
        "clusterTags": {
            "defaultValue": {},
            "type": "object",
            "metadata": {
                "description": "Specifies the tags of the AKS cluster."
            }
        },
        "tagsForAllResources": {
            "defaultValue": {},
            "type": "object"
        },
        "clusterIdentity": {
            "defaultValue": {
                "type": "SystemAssigned"
            },
            "type": "object",
            "metadata": {
                "description": "The identity of the managed cluster, if configured."
            }
        },
        "enableAadProfile": {
            "defaultValue": false,
            "type": "bool",
            "metadata": {
                "description": "Flag to turn on or off of Microsoft Entra ID Profile."
            }
        },
        "aadProfile": {
            "defaultValue": {},
            "type": "object",
            "metadata": {
                "descirption": "The Microsoft Entra ID configuration."
            }
        },
        "dnsPrefix": {
            "type": "string",
            "metadata": {
                "description": "Optional DNS prefix to use with hosted Kubernetes API server FQDN."
            }
        },
        "kubernetesVersion": {
            "type": "string",
            "defaultValue": "1.7.7",
            "metadata": {
                "description": "The version of Kubernetes."
            }
        },
        "enableRBAC": {
            "type": "bool",
            "defaultValue": true,
            "metadata": {
                "description": "Boolean flag to turn on and off of RBAC."
            }
        },
        "windowsProfile": {
            "type": "bool",
            "defaultValue": false,
            "metadata": {
                "description": "Boolean flag to turn on and off of virtual machine scale sets"
            }
        },
        "nodeResourceGroup": {
            "type": "string",
            "metadata": {
                "description": "The name of the resource group containing agent pool nodes."
            }
        },
        "upgradeChannel": {
            "defaultValue": "none",
            "type": "string",
            "allowedValues": [
                "none",
                "patch",
                "rapid",
                "stable",
                "node-image"
            ],
            "metadata": {
                "description": "Auto upgrade channel for a managed cluster."
            }
        },
        "servicePrincipalClientId": {
            "defaultValue": "",
            "metadata": {
                "description": "Client ID (used by cloudprovider)."
            },
            "type": "securestring"
        },
        "servicePrincipalClientSecret": {
            "defaultValue": "",
            "metadata": {
                "description": "The Service Principal Client Secret."
            },
            "type": "securestring"
        },
        "adminGroupObjectIDs": {
            "type": "array",
            "defaultValue": "",
            "metadata": {
                "description": "An array of Microsoft Entra group object ids to give administrative access."
            }
        },
        "principalId": {
            "defaultValue": "",
            "type": "string",
            "metadata": {
                "description": "The objectId of service principal."
            }
        },
        "supportPlan": {
            "type": "string",
            "defaultValue": "KubernetesOfficial",
            "allowedValues": [
                "AKSLongTermSupport",
                "KubernetesOfficial"
            ]
        },
        "azureRbac": {
            "type": "bool",
            "defaultValue": false,
            "metadata": {
                "description": "Enable or disable Azure RBAC."
            }
        },
        "disableLocalAccounts": {
            "type": "bool",
            "defaultValue": false,
            "metadata": {
                "description": "Enable or disable local accounts."
            }
        },
        "enablePrivateCluster": {
            "type": "bool",
            "defaultValue": false,
            "metadata": {
                "description": "Enable private network access to the Kubernetes cluster."
            }
        },
        "isPrivateClusterSupported": {
            "type": "bool",
            "defaultValue": false
        },
        "enableAuthorizedIpRange": {
            "type": "bool",
            "defaultValue": false
        },
        "authorizedIPRanges": {
            "defaultValue": [],
            "type": "array",
            "metadata": {
                "description": "Boolean flag to turn on and off http application routing."
            }
        },
        "isPublicNetworkAccessEnabled": {
            "type": "bool",
            "defaultValue": false
        },
        "publicNetworkAccess": {
            "defaultValue": "Enabled",
            "type": "string",
            "allowedValues": [
                "Disabled",
                "Enabled",
                "SecuredByPerimeter"
            ],
            "metadata": {
                "description": "Allow or deny public network access for AKS."
            }
        },
        "enableDiskEncryptionSetID": {
            "defaultValue": false,
            "type": "bool",
            "metadata": {
                "description": "Flag to turn on or off of diskEncryptionSetID. Set diskEncryptionSetID to null when false."
            }
        },
        "diskEncryptionSetID": {
            "defaultValue": "",
            "type": "string",
            "metadata": {
                "description": "The ID of the disk encryption set used to encrypt the OS disks of the nodes."
            }
        },
        "aadSessionKey": {
            "type": "securestring",
            "defaultValue": ""
        },
        "nodeAutoProvisioningMode": {
            "type": "string",
            "defaultValue": "Manual",
            "allowedValues": [
                "Auto",
                "Manual"
            ],
            "metadata": {
                "description": "Flag to turn on or off for nodeAutoProvisioning."
            }
        },
        "isAzurePolicySupported": {
            "type": "bool",
            "defaultValue": false
        },
        "enableAzurePolicy": {
            "type": "bool",
            "defaultValue": false,
            "metadata": {
                "description": "Boolean flag to turn on and off Azure Policy addon."
            }
        },
        "isSecretStoreCSIDDriverSupported": {
            "type": "bool",
            "defaultValue": false
        },
        "enableSecretStoreCSIDriver": {
            "type": "bool",
            "defaultValue": false,
            "metadata": {
                "description": "Boolean flag to turn on and off secret store CSI driver."
            }
        },
        "enableOmsAgent": {
            "type": "bool",
            "defaultValue": true,
            "metadata": {
                "description": "Boolean flag to turn on and off omsagent addon."
            }
        },
        "workspaceRegion": {
            "type": "string",
            "defaultValue": "East US",
            "metadata": {
                "description": "Specify the region for your OMS workspace."
            }
        },
        "workspaceName": {
            "defaultValue": "",
            "type": "string",
            "metadata": {
                "description": "Specify the name of the OMS workspace."
            }
        },
        "omsWorkspaceId": {
            "defaultValue": "",
            "type": "string",
            "metadata": {
                "description": "Specify the resource id of the OMS workspace."
            }
        },
        "omsSku": {
            "type": "string",
            "defaultValue": "standalone",
            "allowedValues": [
                "free",
                "standalone",
                "pernode"
            ],
            "metadata": {
                "description": "Select the SKU for your workspace."
            }
        },
        "aciVnetSubnetName": {
            "defaultValue": "",
            "type": "string",
            "metadata": {
                "description": "Name of virtual network subnet used for the ACI Connector."
            }
        },
        "aciConnectorLinuxEnabled": {
            "defaultValue": false,
            "type": "bool",
            "metadata": {
                "description": "Enables the Linux ACI Connector."
            }
        },
        "acrName": {
            "defaultValue": "",
            "type": "string",
            "metadata": {
                "description": "Specify the name of the Azure Container Registry."
            }
        },
        "acrResourceGroup": {
            "defaultValue": "",
            "type": "string",
            "metadata": {
                "description": "The name of the resource group the container registry is associated with."
            }
        },
        "guidValue": {
            "type": "string",
            "metadata": {
                "description": "The unique id used in the role assignment of the kubernetes service to the container registry service. It is recommended to use the default value."
            },
            "defaultValue": "[newGuid()]"
        },
        "enableVnetSubnetID": {
            "defaultValue": false,
            "type": "bool",
            "metadata": {
                "description": "Flag to turn on or off of vnetSubnetID."
            }
        },
        "vnetSubnetID": {
            "defaultValue": "",
            "type": "string",
            "metadata": {
                "description": "Resource ID of virtual network subnet used for nodes and/or pods IP assignment."
            }
        },
        "loadBalancerSku": {
            "defaultValue": "Standard",
            "type": "string",
            "allowedValues": [
                "Basic",
                "Standard"
            ],
            "metadata": {
                "description": "Specifies the sku of the load balancer used by the virtual machine scale sets used by node pools."
            }
        },
        "networkPolicy": {
            "defaultValue": "",
            "type": "string",
            "metadata": {
                "description": "Network policy used for building the Kubernetes network."
            }
        },
        "networkPlugin": {
            "defaultValue": "azure",
            "type": "string",
            "allowedValues": [
                "azure",
                "kubenet"
            ],
            "metadata": {
                "description": "Network plugin used for building the Kubernetes network."
            }
        },
        "networkPluginMode": {
            "defaultValue": "",
            "type": "string",
            "metadata": {
                "description": "Network plugin mode used for building the Kubernetes network."
            }
        },
        "networkDataplane": {
            "defaultValue": "",
            "type": "string",
            "metadata": {
                "description": "Network dataplane used in the Kubernetes cluster."
            }
        },
        "serviceCidr": {
            "defaultValue": "",
            "type": "string",
            "metadata": {
                "description": "A CIDR notation IP range from which to assign service cluster IPs."
            }
        },
        "dnsServiceIP": {
            "defaultValue": "",
            "type": "string",
            "metadata": {
                "description": "Containers DNS server IP address."
            }
        },
        "spotMaxPrice": {
            "defaultValue": "",
            "type": "string",
            "metadata": {
                "description": "Possible values are any decimal value greater than zero or -1 which indicates the willingness to pay any on-demand price."
            }
        },
        "vmssNodePool": {
            "type": "bool",
            "defaultValue": false,
            "metadata": {
                "description": "Boolean flag to turn on and off of virtual machine scale sets"
            }
        },
        "isAvailabilityZoneEnabled": {
            "type": "bool",
            "defaultValue": false,
            "metadata": {
                "description": "Boolean flag to turn on or off of Availability Zone"
            }
        },
        "osDiskSizeGB": {
            "type": "int",
            "defaultValue": 0,
            "metadata": {
                "description": "Disk size (in GiB) to provision for each of the agent pool nodes. This value ranges from 0 to 1023. Specifying 0 will apply the default disk size for that agentVMSize."
            },
            "minValue": 0,
            "maxValue": 1023
        },
        "agentCount": {
            "defaultValue": 3,
            "minValue": 1,
            "maxValue": 50,
            "type": "int",
            "metadata": {
                "description": "The number of agent nodes for the cluster. Production workloads have a recommended minimum of 3."
            }
        },
        "scaleSetEvictionPolicy": {
            "defaultValue": "Delete",
            "allowedValues": [
                "Delete",
                "Deallocate"
            ],
            "type": "string",
            "metadata": {
                "description": "Specifies the ScaleSetEvictionPolicy to be used to specify eviction policy for spot virtual machine scale set. Default to Delete. Allowed values are Delete or Deallocate."
            }
        },
        "scaleSetPriority": {
            "defaultValue": "Regular",
            "allowedValues": [
                "Spot",
                "Regular"
            ],
            "type": "string",
            "metadata": {
                "description": "Specifies the virtual machine scale set priority in the user node pool: Spot or Regular."
            }
        },
        "agentTags": {
            "defaultValue": {},
            "type": "object",
            "metadata": {
                "description": "Specifies the tags of the agent pool."
            }
        },
        "enableNodePublicIP": {
            "defaultValue": false,
            "type": "bool",
            "metadata": {
                "description": "Some scenarios may require nodes in a node pool to receive their own dedicated public IP addresses."
            }
        },
        "agentNodeTaints": {
            "defaultValue": [],
            "type": "array",
            "metadata": {
                "description": "Specifies the taints added to new nodes during node pool create and scale. For example, key=value:NoSchedule. - string."
            }
        },
        "agentNodeLables": {
            "defaultValue": {},
            "type": "object",
            "metadata": {
                "description": "Specifies the Agent pool node labels to be persisted across all nodes in the system node pool."
            }
        },
        "agentAvailabilityZones": {
            "defaultValue": [],
            "type": "array",
            "metadata": {
                "description": "Specifies the availability zones for the agent nodes in the agent node pool. Requires the use of VirtualMachineScaleSets as node pool type."
            }
        },
        "agentMode": {
            "defaultValue": "System",
            "type": "string",
            "allowedValues": [
                "System",
                "User"
            ],
            "metadata": {
                "description": "A cluster must have at least one 'System' Agent Pool at all times."
            }
        },
        "agentMaxPods": {
            "defaultValue": 30,
            "type": "int",
            "metadata": {
                "description": "Specifies the maximum number of pods that can run on a node in the agent node pool. The maximum number of pods per node in an AKS cluster is 250. The default maximum number of pods per node varies between kubenet and Azure CNI networking, and the method of cluster deployment."
            }
        },
        "agentPoolType": {
            "defaultValue": "VirtualMachineScaleSets",
            "allowedValues": [
                "VirtualMachineScaleSets",
                "VirtualMachines",
                "AvailabilitySet"
            ],
            "type": "string",
            "metadata": {
                "description": "The type of agent pool."
            }
        },
        "agentOSType": {
            "defaultValue": "Linux",
            "allowedValues": [
                "Linux",
                "Windows"
            ],
            "type": "string",
            "metadata": {
                "description": "The type of operating system for agent pool."
            }
        },
        "agentVMSize": {
            "defaultValue": "Standard_D2_v3",
            "type": "string",
            "metadata": {
                "description": "The size of the Virtual Machine."
            }
        },
        "agentMaxCount": {
            "defaultValue": 5,
            "type": "int",
            "metadata": {
                "description": "Specifies the maximum number of nodes for auto-scaling for the system node pool."
            }
        },
        "agentMinCount": {
            "defaultValue": 3,
            "type": "int",
            "metadata": {
                "description": "Specifies the minimum number of nodes for auto-scaling for the system node pool."
            }
        },
        "enableAutoScaling": {
            "defaultValue": true,
            "type": "bool",
            "metadata": {
                "description": "Specifies whether to enable auto-scaling for the system node pool."
            }
        },
        "serviceMeshMode": {
            "type": "string",
            "allowedValues": [
                "Disabled",
                "Istio"
            ],
            "defaultValue": "Disabled"
        },
        "istioInternalIngressGateway": {
            "type": "bool",
            "defaultValue": false
        },
        "istioExternalIngressGateway": {
            "type": "bool",
            "defaultValue": false
        },
        "nodeOSUpgradeChannel": {
            "defaultValue": "NodeImage",
            "type": "string",
            "allowedValues": [
                "None",
                "Unmanaged",
                "SecurityPatch",
                "NodeImage"
            ],
            "metadata": {
                "description": "Auto upgrade channel for node OS security."
            }
        },
        "isImageCleanerEnabled": {
            "type": "bool",
            "defaultValue": false
        },
        "imageCleanerIntervalHours": {
            "type": "int",
            "defaultValue": 168
        },
        "enableOIDC": {
            "type": "bool",
            "defaultValue": true,
            "metadata": {
                "description": "Whether the OIDC issuer is enabled."
            }
        },
        "issuerURL": {
            "type": "string",
            "defaultValue": "",
            "metadata": {
                "description": "The OIDC issuer url of the Managed Cluster."
            }
        },
        "enableWorkloadIdentity": {
            "type": "bool",
            "defaultValue": true,
            "metadata": {
                "description": "Whether to enable workload identity."
            }
        },
        "fleetName": {
            "type": "string",
            "defaultValue": ""
        },
        "fleetLocation": {
            "type": "string",
            "defaultValue": ""
        },
        "fleetDnsNamePrefix": {
            "type": "string",
            "defaultValue": ""
        }
    },
    "resources": [
        {
            "type": "Microsoft.Resources/deployments",
            "name": "aks-monitoring-msi-dcr-fe5ab1b3-e66d-c595-6359-9a0b40360ddc",
            "apiVersion": "2021-04-01",
            "subscriptionId": "009882d7-c336-42a0-8f65-bfea9e52d9c1",
            "resourceGroup": "rg-aks-private-learning",
            "dependsOn": [],
            "properties": {
                "mode": "Incremental",
                "template": {
                    "$schema": "https://schema.management.azure.com/schemas/2015-01-01/deploymentTemplate.json#",
                    "contentVersion": "1.0.0.0",
                    "parameters": {},
                    "variables": {},
                    "resources": [
                        {
                            "apiVersion": "2022-06-01",
                            "type": "Microsoft.Insights/dataCollectionRules",
                            "location": "[parameters('workspaceRegion')]",
                            "name": "MSCI-australiaeast-test-npr",
                            "tags": "[parameters('tagsForAllResources')]",
                            "kind": "Linux",
                            "properties": {
                                "dataSources": {
                                    "extensions": [
                                        {
                                            "streams": [
                                                "Microsoft-ContainerLog",
                                                "Microsoft-ContainerLogV2",
                                                "Microsoft-KubeEvents",
                                                "Microsoft-KubePodInventory"
                                            ],
                                            "extensionName": "ContainerInsights",
                                            "extensionSettings": {
                                                "dataCollectionSettings": {
                                                    "interval": "1m",
                                                    "namespaceFilteringMode": "Off",
                                                    "enableContainerLogV2": true
                                                }
                                            },
                                            "name": "ContainerInsightsExtension"
                                        }
                                    ],
                                    "syslog": []
                                },
                                "destinations": {
                                    "logAnalytics": [
                                        {
                                            "workspaceResourceId": "[parameters('omsWorkspaceId')]",
                                            "name": "ciworkspace"
                                        }
                                    ]
                                },
                                "dataFlows": [
                                    {
                                        "streams": [
                                            "Microsoft-ContainerLog",
                                            "Microsoft-ContainerLogV2",
                                            "Microsoft-KubeEvents",
                                            "Microsoft-KubePodInventory"
                                        ],
                                        "destinations": [
                                            "ciworkspace"
                                        ]
                                    }
                                ]
                            }
                        }
                    ]
                },
                "parameters": {}
            }
        },
        {
            "type": "Microsoft.Resources/deployments",
            "name": "aks-monitoring-msi-dcra-cb90aa85-ab4b-a309-2de0-d55a1fc1b378",
            "apiVersion": "2021-04-01",
            "subscriptionId": "009882d7-c336-42a0-8f65-bfea9e52d9c1",
            "resourceGroup": "rg-aks-private-learning",
            "dependsOn": [
                "[concat('Microsoft.ContainerService/managedClusters/', parameters('resourceName'))]",
                "[concat('Microsoft.Resources/deployments/', 'aks-monitoring-msi-dcr-fe5ab1b3-e66d-c595-6359-9a0b40360ddc')]"
            ],
            "properties": {
                "mode": "Incremental",
                "template": {
                    "$schema": "https://schema.management.azure.com/schemas/2015-01-01/deploymentTemplate.json#",
                    "contentVersion": "1.0.0.0",
                    "parameters": {},
                    "variables": {},
                    "resources": [
                        {
                            "type": "Microsoft.ContainerService/managedClusters/providers/dataCollectionRuleAssociations",
                            "name": "[concat('test-npr', '/microsoft.insights/', 'ContainerInsightsExtension')]",
                            "apiVersion": "2022-06-01",
                            "properties": {
                                "description": "Association of data collection rule. Deleting this association will break the data collection for this AKS Cluster.",
                                "dataCollectionRuleId": "[resourceId('009882d7-c336-42a0-8f65-bfea9e52d9c1', 'rg-aks-private-learning', 'Microsoft.Insights/dataCollectionRules', 'MSCI-australiaeast-test-npr')]"
                            }
                        }
                    ]
                },
                "parameters": {}
            }
        },
        {
            "name": "ConnectAKStoACR-4b21946e-4f6c-774b-0a63-c89eb791ad50",
            "type": "Microsoft.Resources/deployments",
            "apiVersion": "2019-05-01",
            "resourceGroup": "[parameters('acrResourceGroup')]",
            "dependsOn": [
                "[concat('Microsoft.ContainerService/managedClusters/', parameters('resourceName'))]"
            ],
            "properties": {
                "mode": "Incremental",
                "template": {
                    "$schema": "https://schema.management.azure.com/schemas/2015-01-01/deploymentTemplate.json#",
                    "contentVersion": "1.0.0.0",
                    "resources": [
                        {
                            "apiVersion": "2018-09-01-preview",
                            "type": "Microsoft.ContainerRegistry/registries/providers/roleAssignments",
                            "name": "[concat(parameters('acrName'), '/Microsoft.Authorization/', parameters('guidValue'))]",
                            "properties": {
                                "principalId": "[reference(parameters('resourceName'), '2025-05-01').identityProfile.kubeletidentity.objectId]",
                                "principalType": "ServicePrincipal",
                                "roleDefinitionId": "[concat('/subscriptions/', subscription().subscriptionId, '/providers/Microsoft.Authorization/roleDefinitions/', '7f951dda-4ed3-4680-a7ca-43fe172d538d')]",
                                "scope": "[resourceId(parameters('acrResourceGroup'),'Microsoft.ContainerRegistry/registries/', parameters('acrName'))]"
                            }
                        }
                    ]
                }
            }
        },
        {
            "type": "Microsoft.ContainerService/managedClusters/maintenanceConfigurations",
            "name": "test-npr/aksManagedAutoUpgradeSchedule",
            "apiVersion": "2025-05-01",
            "dependsOn": [
                "[concat('Microsoft.ContainerService/managedClusters/', parameters('resourceName'))]"
            ],
            "properties": {
                "maintenanceWindow": {
                    "schedule": {
                        "daily": null,
                        "weekly": {
                            "intervalWeeks": 1,
                            "dayOfWeek": "Sunday"
                        },
                        "absoluteMonthly": null,
                        "relativeMonthly": null
                    },
                    "durationHours": 8,
                    "utcOffset": "+00:00",
                    "startDate": "2025-09-28",
                    "startTime": "00:00"
                }
            }
        },
        {
            "type": "Microsoft.ContainerService/managedClusters/maintenanceConfigurations",
            "name": "test-npr/aksManagedNodeOSUpgradeSchedule",
            "apiVersion": "2025-05-01",
            "dependsOn": [
                "[concat('Microsoft.ContainerService/managedClusters/', parameters('resourceName'))]"
            ],
            "properties": {
                "maintenanceWindow": {
                    "schedule": {
                        "weekly": {
                            "intervalWeeks": 1,
                            "dayOfWeek": "Sunday"
                        }
                    },
                    "durationHours": 8,
                    "utcOffset": "+00:00",
                    "startDate": "2025-09-28",
                    "startTime": "00:00"
                }
            }
        },
        {
            "type": "Microsoft.ContainerService/managedClusters",
            "apiVersion": "[parameters('apiVersion')]",
            "sku": "[parameters('clusterSku')]",
            "identity": "[parameters('clusterIdentity')]",
            "dependsOn": [],
            "location": "[parameters('location')]",
            "name": "[parameters('resourceName')]",
            "extendedLocation": "[if(parameters('isLocationEdgeZone'), parameters('edgeZone'), null())]",
            "properties": {
                "kubernetesVersion": "[parameters('kubernetesVersion')]",
                "enableRBAC": "[parameters('enableRBAC')]",
                "dnsPrefix": "[parameters('dnsPrefix')]",
                "nodeResourceGroup": "[parameters('nodeResourceGroup')]",
                "disableLocalAccounts": "[parameters('disableLocalAccounts')]",
                "aadProfile": "[if(parameters('enableAadProfile'), variables('defaultAadProfile'), null())]",
                "autoUpgradeProfile": {
                    "upgradeChannel": "[parameters('upgradeChannel')]",
                    "nodeOSUpgradeChannel": "[parameters('nodeOSUpgradeChannel')]"
                },
                "agentPoolProfiles": [
                    {
                        "name": "agentpool",
                        "osDiskSizeGB": "[parameters('osDiskSizeGB')]",
                        "count": 2,
                        "enableAutoScaling": true,
                        "minCount": 2,
                        "maxCount": 3,
                        "vmSize": "Standard_D2s_v5",
                        "osType": "Linux",
                        "osSKU": "Ubuntu",
                        "type": "VirtualMachineScaleSets",
                        "mode": "System",
                        "maxPods": 110,
                        "availabilityZones": [
                            "1",
                            "3"
                        ],
                        "nodeLabels": {},
                        "nodeTaints": [],
                        "enableNodePublicIP": false,
                        "tags": {},
                        "vnetSubnetID": "[parameters('vnetSubnetID')]"
                    },
                    {
                        "name": "userpool",
                        "osDiskSizeGB": "[parameters('osDiskSizeGB')]",
                        "count": 1,
                        "enableAutoScaling": true,
                        "minCount": 1,
                        "maxCount": 3,
                        "vmSize": "Standard_D2s_v5",
                        "osType": "Linux",
                        "osSKU": "Ubuntu",
                        "type": "VirtualMachineScaleSets",
                        "mode": "User",
                        "maxPods": 110,
                        "availabilityZones": [
                            "1",
                            "3"
                        ],
                        "nodeLabels": {},
                        "nodeTaints": [],
                        "enableNodePublicIP": false,
                        "tags": {},
                        "vnetSubnetID": "[parameters('vnetSubnetID')]"
                    }
                ],
                "apiServerAccessProfile": "[if(parameters('isPrivateClusterSupported'), variables('defaultApiServerAccessProfile'), null())]",
                "addonProfiles": {
                    "azurepolicy": "[if(parameters('isAzurePolicySupported'), variables('defaultAzurePolicy'), null())]",
                    "azureKeyvaultSecretsProvider": "[if(parameters('isSecretStoreCSIDDriverSupported'), variables('defaultSecrectStoreProvider'), null())]"
                },
                "diskEncryptionSetID": "[if(parameters('enableDiskEncryptionSetID'), parameters('diskEncryptionSetID'), null())]",
                "networkProfile": {
                    "loadBalancerSku": "[parameters('loadBalancerSku')]",
                    "networkPlugin": "[parameters('networkPlugin')]",
                    "networkPluginMode": "[parameters('networkPluginMode')]",
                    "networkDataplane": "[parameters('networkDataplane')]",
                    "networkPolicy": "[parameters('networkPolicy')]",
                    "serviceCidr": "[parameters('serviceCidr')]",
                    "dnsServiceIP": "[parameters('dnsServiceIP')]"
                },
                "supportPlan": "[parameters('supportPlan')]",
                "securityProfile": {
                    "imageCleaner": {
                        "enabled": "[parameters('isImageCleanerEnabled')]",
                        "intervalHours": "[parameters('imageCleanerIntervalHours')]"
                    },
                    "workloadIdentity": {
                        "enabled": "[parameters('enableWorkloadIdentity')]"
                    }
                },
                "oidcIssuerProfile": {
                    "enabled": "[parameters('enableOIDC')]"
                },
                "nodeProvisioningProfile": {
                    "mode": "[parameters('nodeAutoProvisioningMode')]"
                }
            },
            "tags": "[parameters('clusterTags')]"
        },
        {
            "type": "Microsoft.Resources/deployments",
            "name": "ClusterSubnetRoleAssignmentDeployment-20250927201702-14",
            "apiVersion": "2019-05-01",
            "resourceGroup": "rg-aks-private-learning",
            "subscriptionId": "009882d7-c336-42a0-8f65-bfea9e52d9c1",
            "dependsOn": [
                "[concat('Microsoft.ContainerService/managedClusters/', parameters('resourceName'))]"
            ],
            "properties": {
                "mode": "Incremental",
                "template": {
                    "$schema": "https://schema.management.azure.com/schemas/2015-01-01/deploymentTemplate.json#",
                    "contentVersion": "1.0.0.0",
                    "parameters": {},
                    "variables": {},
                    "resources": [
                        {
                            "type": "Microsoft.Network/virtualNetworks/subnets/providers/roleAssignments",
                            "apiVersion": "2018-09-01-preview",
                            "name": "nz3es-aks-vnet/nz3es-aks-subnet/Microsoft.Authorization/7b3d25ce-8f0a-c36a-dda8-623ec067acf7",
                            "properties": {
                                "roleDefinitionId": "[concat('/subscriptions/', subscription().subscriptionId, '/providers/Microsoft.Authorization/roleDefinitions/', '4d97b98b-1d4f-4787-a291-c67834d212e7')]",
                                "principalId": "[reference(parameters('resourceName'),'2025-05-01','Full').identity.principalId]",
                                "principalType": "ServicePrincipal",
                                "scope": "/subscriptions/009882d7-c336-42a0-8f65-bfea9e52d9c1/resourceGroups/rg-aks-private-learning/providers/Microsoft.Network/virtualNetworks/nz3es-aks-vnet/subnets/nz3es-aks-subnet"
                            }
                        }
                    ]
                }
            }
        },
        {
            "type": "Microsoft.Resources/deployments",
            "apiVersion": "2019-05-01",
            "name": "ClusterOnboardingPut-a0b64bb8-60ef-13bf-a8ec-7d3551fbfa10",
            "dependsOn": [
                "aks-monitoring-msi-dcra-cb90aa85-ab4b-a309-2de0-d55a1fc1b378"
            ],
            "properties": {
                "mode": "Incremental",
                "template": {
                    "$schema": "https://schema.management.azure.com/schemas/2015-01-01/deploymentTemplate.json#",
                    "contentVersion": "1.0.0.0",
                    "resources": [
                        {
                            "apiVersion": "2025-05-01",
                            "type": "microsoft.containerservice/managedclusters",
                            "location": "[parameters('location')]",
                            "sku": "[parameters('clusterSku')]",
                            "name": "test-npr",
                            "properties": {
                                "kubernetesVersion": "[parameters('kubernetesVersion')]",
                                "enableRBAC": "[parameters('enableRBAC')]",
                                "dnsPrefix": "[parameters('dnsPrefix')]",
                                "nodeResourceGroup": "[parameters('nodeResourceGroup')]",
                                "disableLocalAccounts": "[parameters('disableLocalAccounts')]",
                                "aadProfile": "[if(parameters('enableAadProfile'), variables('defaultAadProfile'), null())]",
                                "autoUpgradeProfile": {
                                    "upgradeChannel": "[parameters('upgradeChannel')]",
                                    "nodeOSUpgradeChannel": "[parameters('nodeOSUpgradeChannel')]"
                                },
                                "agentPoolProfiles": [
                                    {
                                        "name": "agentpool",
                                        "osDiskSizeGB": "[parameters('osDiskSizeGB')]",
                                        "count": 2,
                                        "enableAutoScaling": true,
                                        "minCount": 2,
                                        "maxCount": 3,
                                        "vmSize": "Standard_D2s_v5",
                                        "osType": "Linux",
                                        "osSKU": "Ubuntu",
                                        "type": "VirtualMachineScaleSets",
                                        "mode": "System",
                                        "maxPods": 110,
                                        "availabilityZones": [
                                            "1",
                                            "3"
                                        ],
                                        "nodeLabels": {},
                                        "nodeTaints": [],
                                        "enableNodePublicIP": false,
                                        "tags": {},
                                        "vnetSubnetID": "[parameters('vnetSubnetID')]"
                                    },
                                    {
                                        "name": "userpool",
                                        "osDiskSizeGB": "[parameters('osDiskSizeGB')]",
                                        "count": 1,
                                        "enableAutoScaling": true,
                                        "minCount": 1,
                                        "maxCount": 3,
                                        "vmSize": "Standard_D2s_v5",
                                        "osType": "Linux",
                                        "osSKU": "Ubuntu",
                                        "type": "VirtualMachineScaleSets",
                                        "mode": "User",
                                        "maxPods": 110,
                                        "availabilityZones": [
                                            "1",
                                            "3"
                                        ],
                                        "nodeLabels": {},
                                        "nodeTaints": [],
                                        "enableNodePublicIP": false,
                                        "tags": {},
                                        "vnetSubnetID": "[parameters('vnetSubnetID')]"
                                    }
                                ],
                                "apiServerAccessProfile": "[if(parameters('isPrivateClusterSupported'), variables('defaultApiServerAccessProfile'), null())]",
                                "addonProfiles": {
                                    "omsAgent": {
                                        "enabled": "[parameters('enableOmsAgent')]",
                                        "config": {
                                            "logAnalyticsWorkspaceResourceID": "[parameters('omsWorkspaceId')]",
                                            "useAADAuth": "true"
                                        }
                                    }
                                },
                                "diskEncryptionSetID": "[if(parameters('enableDiskEncryptionSetID'), parameters('diskEncryptionSetID'), null())]",
                                "networkProfile": {
                                    "loadBalancerSku": "[parameters('loadBalancerSku')]",
                                    "networkPlugin": "[parameters('networkPlugin')]",
                                    "networkPluginMode": "[parameters('networkPluginMode')]",
                                    "networkDataplane": "[parameters('networkDataplane')]",
                                    "networkPolicy": "[parameters('networkPolicy')]",
                                    "serviceCidr": "[parameters('serviceCidr')]",
                                    "dnsServiceIP": "[parameters('dnsServiceIP')]"
                                },
                                "supportPlan": "[parameters('supportPlan')]",
                                "securityProfile": {
                                    "imageCleaner": {
                                        "enabled": "[parameters('isImageCleanerEnabled')]",
                                        "intervalHours": "[parameters('imageCleanerIntervalHours')]"
                                    },
                                    "workloadIdentity": {
                                        "enabled": "[parameters('enableWorkloadIdentity')]"
                                    }
                                },
                                "oidcIssuerProfile": {
                                    "enabled": "[parameters('enableOIDC')]"
                                },
                                "nodeProvisioningProfile": {
                                    "mode": "[parameters('nodeAutoProvisioningMode')]"
                                }
                            },
                            "identity": "[parameters('clusterIdentity')]",
                            "extendedLocation": "[if(parameters('isLocationEdgeZone'), parameters('edgeZone'), null())]",
                            "tags": "[parameters('clusterTags')]"
                        }
                    ]
                }
            },
            "subscriptionId": "009882d7-c336-42a0-8f65-bfea9e52d9c1",
            "resourceGroup": "rg-aks-private-learning"
        },
        {
            "name": "InsightsActionGroupDepl-1727440a-6752-aa30-45f7-61d33551906d",
            "type": "Microsoft.Resources/deployments",
            "apiVersion": "2021-04-01",
            "properties": {
                "mode": "Incremental",
                "template": {
                    "$schema": "https://schema.management.azure.com/schemas/2015-01-01/deploymentTemplate.json#",
                    "contentVersion": "1.0.0.0",
                    "resources": [
                        {
                            "type": "microsoft.insights/actionGroups",
                            "apiVersion": "2022-06-01",
                            "name": "RecommendedAlertRules-AG-40501b",
                            "location": "Global",
                            "properties": {
                                "groupShortName": "alert40501b",
                                "enabled": true,
                                "emailReceivers": [
                                    {
                                        "name": "Email_-EmailAction-",
                                        "emailAddress": "Elayaraja.KV@hotmail.com",
                                        "useCommonAlertSchema": true
                                    }
                                ],
                                "armRoleReceivers": [],
                                "azureAppPushReceivers": []
                            },
                            "tags": "[parameters('tagsForAllResources')]"
                        }
                    ]
                }
            }
        },
        {
            "name": "InsightsMetricAlertsDepl-75d0f1d6-e965-5477-c87a-bd271e64ac6e",
            "type": "Microsoft.Resources/deployments",
            "apiVersion": "2021-04-01",
            "dependsOn": [
                "/subscriptions/009882d7-c336-42a0-8f65-bfea9e52d9c1/resourcegroups/rg-aks-private-learning/providers/Microsoft.ContainerService/managedClusters/test-npr",
                "[concat('Microsoft.Resources/deployments/', 'InsightsActionGroupDepl-1727440a-6752-aa30-45f7-61d33551906d')]"
            ],
            "properties": {
                "mode": "Incremental",
                "template": {
                    "$schema": "https://schema.management.azure.com/schemas/2015-01-01/deploymentTemplate.json#",
                    "contentVersion": "1.0.0.0",
                    "resources": [
                        {
                            "type": "microsoft.insights/metricAlerts",
                            "apiVersion": "2018-03-01",
                            "name": "CPU Usage Percentage - test-npr",
                            "location": "Global",
                            "properties": {
                                "severity": 3,
                                "enabled": true,
                                "scopes": [
                                    "/subscriptions/009882d7-c336-42a0-8f65-bfea9e52d9c1/resourcegroups/rg-aks-private-learning/providers/Microsoft.ContainerService/managedClusters/test-npr"
                                ],
                                "evaluationFrequency": "PT5M",
                                "windowSize": "PT5M",
                                "criteria": {
                                    "allOf": [
                                        {
                                            "name": "Metric1",
                                            "metricName": "node_cpu_usage_percentage",
                                            "metricNamespace": "Microsoft.ContainerService/managedClusters",
                                            "operator": "GreaterThan",
                                            "timeAggregation": "Average",
                                            "criterionType": "StaticThresholdCriterion",
                                            "threshold": 95
                                        }
                                    ],
                                    "odata.type": "Microsoft.Azure.Monitor.MultipleResourceMultipleMetricCriteria"
                                },
                                "targetResourceType": "Microsoft.ContainerService/managedClusters",
                                "actions": [
                                    {
                                        "actionGroupId": "[resourceId('Microsoft.Insights/ActionGroups', 'RecommendedAlertRules-AG-40501b')]",
                                        "webhookProperties": {}
                                    }
                                ],
                                "azureAppPushReceivers": [],
                                "armRoleReceivers": []
                            },
                            "tags": "[parameters('tagsForAllResources')]"
                        },
                        {
                            "type": "microsoft.insights/metricAlerts",
                            "apiVersion": "2018-03-01",
                            "name": "Memory Working Set Percentage - test-npr",
                            "location": "Global",
                            "properties": {
                                "severity": 3,
                                "enabled": true,
                                "scopes": [
                                    "/subscriptions/009882d7-c336-42a0-8f65-bfea9e52d9c1/resourcegroups/rg-aks-private-learning/providers/Microsoft.ContainerService/managedClusters/test-npr"
                                ],
                                "evaluationFrequency": "PT5M",
                                "windowSize": "PT5M",
                                "criteria": {
                                    "allOf": [
                                        {
                                            "name": "Metric1",
                                            "metricName": "node_memory_working_set_percentage",
                                            "metricNamespace": "Microsoft.ContainerService/managedClusters",
                                            "operator": "GreaterThan",
                                            "timeAggregation": "Average",
                                            "criterionType": "StaticThresholdCriterion",
                                            "threshold": 100
                                        }
                                    ],
                                    "odata.type": "Microsoft.Azure.Monitor.MultipleResourceMultipleMetricCriteria"
                                },
                                "targetResourceType": "Microsoft.ContainerService/managedClusters",
                                "actions": [
                                    {
                                        "actionGroupId": "[resourceId('Microsoft.Insights/ActionGroups', 'RecommendedAlertRules-AG-40501b')]",
                                        "webhookProperties": {}
                                    }
                                ],
                                "azureAppPushReceivers": [],
                                "armRoleReceivers": []
                            },
                            "tags": "[parameters('tagsForAllResources')]"
                        }
                    ]
                }
            }
        }
    ],
    "outputs": {
        "controlPlaneFQDN": {
            "type": "string",
            "value": "[reference(concat('Microsoft.ContainerService/managedClusters/', parameters('resourceName'))).privateFQDN]"
        }
    }
}